OBS,LY,PI,LW,LI,LC,RATE,LLAB,LIIP,LCPI_HP,LWAGE,LINV,LCONS,prime_HP,LHOUR,LIIP,cpi_no_food,LWAGE,LINV,LCONS,RM,LHOUR,L_CONS1,L_CONS2,L_CONS3,L_CONS4,L_CONS5,L_IIP1,L_IIP2,L_IIP3,L_IIP4,L_IIP5,L_LAB1,L_LAB2,L_LAB7,L_RATE1,L_RATE2,L_RATE3,L_RATE4,L_RATE5,PI1,PI2,PI3,PI4,PI5,PI6,PI7,L_STOCK1,L_STOCK2,L_STOCK3,L_STOCK4,L_STOCK5,L_M1,L_M2,L_EX1,L_EX2
Mar-80,1.000761504,6.051759164,1.194112324,3.896584381,0.772759271,1.950272452,0.222437257,3.68077785,3.030807913,-1.664276748,-10.5248127,-2.33816794,0.960316058,0.570219192,3.657894466,2.340048264,-1.982169521,-10.10065072,-3.136505283,-1.240277464,0.597090494,10.21590071,0.766369185,1.048227641,0.863449671,-0.040134643,-0.297553009,1.251064431,1.619527619,6.467959754,-1.47911474,-0.636338751,-3.94131518,7.695153257,-0.947370094,-0.740639326,-0.889061242,-0.792766742,-0.885219448,10.23111115,12.36747318,7.560379186,-2.801486065,1.933262537,1.735528066,-0.159516411,7.905946489,4.535072251,7.772408735,7.763014474,1.005226808,-0.2193613,2.398585936,4.014869421,-4.958399698
Jun-80,0.390259351,4.659845248,-0.738448139,5.438771824,0.473397215,5.189049298,0.607887748,3.387314375,3.569683496,-1.465082241,-1.309024193,-1.643631104,1.182544445,0.536968576,3.360570903,7.308936678,-1.32851321,-1.351714941,-2.500013862,0.579037162,0.958118254,4.646057427,1.888937456,-0.728636475,0.318160526,-0.254240258,0.436253232,-0.24432224,-0.946666022,5.579596559,1.611575321,-0.647431053,-9.450949338,9.071078278,0.256343126,0.40717219,0.288841578,0.281179887,0.292427772,12.74011189,9.523758136,4.61409491,0.077680126,-2.302807137,1.643101332,6.115013522,6.876157436,3.392369513,4.914021983,1.840883393,1.897898789,0.666057458,4.790247735,-0.727105507,3.056303624
Sep-80,0.072296652,1.399512617,-1.097058094,5.313133757,-0.085432907,4.741129435,0.428646238,0.269416887,0.831617174,-0.760760485,2.091285027,0.341346906,0.654172635,0.02393355,0.230418529,-0.090828293,-0.268997828,3.344646158,-0.161150987,1.106126962,0.23418486,-1.214609844,1.526972614,-1.129406973,1.042688691,1.052957354,-0.256597614,-1.321984348,-1.874107306,0.924945254,0.722564788,-0.526355145,-4.419851179,6.468160963,0.655648452,0.079446605,0.367300062,0.014621996,0.370628255,-3.342361793,-2.704094539,1.614120114,-2.008390556,1.729224693,1.082426513,1.125822715,5.442656961,4.9261652,3.741659521,0.491303244,0.482342791,-0.25693364,-2.182204486,-6.485777178,6.227452842
Dec-80,0.501365817,-0.720305542,-1.280688979,4.791888449,-0.168428865,2.665904616,0.143809972,-0.17669386,-0.983060624,-0.218679881,4.33112257,0.282678109,-0.126138661,-0.141047105,-0.219905983,-0.323182228,-0.737258683,7.951422988,0.629381112,0.68340521,-0.426089179,-1.698965424,3.357933023,-0.363104791,0.149455765,0.932729555,-0.953195174,-0.729906196,-0.773108823,-0.169161153,1.287205971,-0.203555039,4.469514306,3.685466531,0.432977777,0.020392338,0.213689345,-0.015120675,0.179752494,-6.161831976,-6.842549641,-3.420384637,5.585722335,0.405934016,-1.106155004,-1.022023906,6.328592799,5.811607617,3.993623631,-1.786587014,-1.483706935,-0.75718759,-2.56408109,-11.05672792,9.698889378
Mar-81,0.883762148,-1.562380535,-1.527937543,4.884397231,-1.024434552,1.174336678,-0.284757292,-0.334484423,0.273736269,-0.288460958,6.70784922,-0.870083741,-0.660137588,-0.249705101,-0.230871624,-0.870434712,-0.564274252,2.871876909,-0.956745719,0.248593852,-0.261399364,-2.607372842,-2.43187582,-0.657653326,0.226945655,-1.02546403,2.103597367,0.785745735,-0.074788593,-0.934213787,2.146807418,0.060011442,1.270900227,0.694266669,0.154353211,-0.115831851,-0.172844995,-0.150737521,-0.170060658,-7.613242298,-8.3062629,-2.130503783,1.970026146,3.088722887,0.320335014,1.512722345,4.78951574,6.139589301,3.907972628,-6.89809554,-5.163173928,-1.01761951,-3.123685424,-13.69206921,10.90466199
Jun-81,0.505174223,1.170392811,-0.722485029,4.386248556,-1.365954595,-0.200112031,-0.096532263,-0.958167771,-0.678684308,0.667010859,3.937277485,-0.491572051,-0.449493455,-0.117600162,-1.008976764,-0.402221047,-0.506744631,3.312201422,0.423350162,-0.051012293,-0.118572322,-0.486708763,-4.229120616,-1.195140809,-0.029097291,-0.81309217,0.937159149,-0.560080519,-1.619558658,-1.376378754,1.10030974,0.486489041,2.0347612,0.492140641,-0.016473745,-0.232079942,-0.291290942,-0.28090849,-0.288784693,-4.820747275,-3.879321062,-5.698431511,-5.378962963,0.984530756,-0.376295075,0.279243967,6.600727246,5.744652196,9.42349061,-4.59398791,-3.771028054,0.176416193,0.302399256,-7.095834909,4.478909175
Sep-81,0.64314285,0.471415889,-0.964648831,3.104851754,-1.244491249,-0.030979807,-0.133937142,0.618771531,-0.533501459,0.579037447,3.718811885,-0.327892741,-0.245462985,-0.292526151,0.717109159,-0.015759731,1.62328942,2.59727775,0.092615,-0.11227378,-0.302452722,-0.64552213,-3.890865297,-1.199005475,-0.509856841,-0.996001419,1.0855484,0.64080952,0.664578283,-0.465039518,3.771210637,0.489478302,-2.321672883,4.649018112,-0.059848061,-0.104133524,-0.308528447,-0.123219317,-0.306286818,-2.423742913,-2.089254764,-7.280633085,-0.82337597,-2.562722901,-0.888315763,1.197322218,6.731871521,5.079750481,10.75369913,-0.538842549,-0.272058651,0.810696079,0.021859922,-1.996326313,1.200465758
Dec-81,0.44731517,-2.259305816,-0.323301649,2.420636813,-0.399521542,-0.37784654,0.647175759,1.549038769,-0.159284317,1.934072728,4.418405971,-0.280912644,-0.799021968,0.138404713,1.645767075,-0.025519198,1.545684472,4.493418811,-0.156047099,-0.042019279,0.199795485,-2.876682842,-1.926021808,-0.394643953,-0.532876412,-1.123822217,3.47501652,2.185242582,1.323080154,-0.300873572,4.232089716,0.49707074,-3.034494106,2.841658523,-0.006104411,0.148370866,0.042744593,0.23191983,0.047746253,-0.790449934,-1.387742821,-1.764442374,5.18873751,-0.359562528,0.076735392,1.476070205,1.10603921,-2.528879699,2.436618689,-2.557942176,0.049110453,1.207752242,1.839502628,-5.273258339,2.432665387
Mar-82,-0.133416395,-0.958401868,-1.034800285,1.135669502,-0.69223145,-0.551539422,-0.680344113,-0.159938806,-2.032742454,0.45909193,3.731453284,1.059446923,-0.610992779,-0.264894695,-0.0683761,-1.073564697,0.976527428,4.538206345,0.937778805,-0.299007291,-0.214096407,-0.657705422,1.20201833,-0.588198957,0.275875213,0.690867805,1.314712395,-0.055920143,-0.78608665,-1.729116622,3.61944792,0.548698639,-6.316152129,0.843220435,-0.148540065,-0.106138226,-0.037976888,-0.033824205,-0.036180766,-2.577493756,-1.865037738,-5.302632724,-8.906991504,-4.250740167,-0.881374843,-2.299887025,-1.725305023,-6.262326796,-0.51388783,-2.523742039,0.14448782,0.977887947,-0.753000544,-1.476525211,-1.241300982
Jun-82,0.467894293,0.09341758,0.291357867,0.228135182,0.08787255,0.090683842,-0.610565276,-2.05925639,-1.373033361,-0.095975522,2.68943622,1.61123286,-0.431698405,-0.470031199,-1.97294092,-1.216586197,-0.435003543,1.822770408,1.659620963,-0.372970052,-0.885431307,1.603589908,0.809012846,1.319829034,0.69744568,1.133018924,-1.716926546,0.043972644,1.669651416,-4.08643204,-1.128565478,0.76356955,-0.674738222,-4.600203435,-0.186448476,-0.214324986,-0.149224671,-0.147929526,-0.147593002,-2.002491109,-2.482003098,-0.859370734,7.960606344,-1.447927505,0.209404706,-3.716478878,-7.920198393,-11.92708105,-7.227948956,-3.758148227,-1.433994912,0.883606074,2.413283297,3.08279858,-5.250149481
Sep-82,0.312690864,-3.584882337,1.257629312,-0.907474708,0.057026004,0.126510257,-0.387184129,-2.237597202,1.017699098,0.887003643,0.679963023,1.228229309,-0.261079961,-0.116177954,-2.447597822,0.088175152,0.604421346,0.06331538,1.562171506,-0.285452922,-0.530864061,-4.048180638,1.0373119,0.670753371,-0.7196924,0.47254608,-0.783880887,0.51475577,1.727915027,-5.116552517,-1.165243634,0.765401602,-0.606074198,-5.492172191,-0.131030261,0.191212736,0.109493198,0.255146899,0.114007032,-0.718709908,-0.323074138,1.222374577,-1.89867007,1.637365951,0.789208865,-1.874808712,-14.48355759,-17.02880707,-13.93732354,-1.772884609,0.096564912,1.400649997,0.881228632,9.052625367,-9.639199353
Dec-82,0.490849253,1.569773607,1.322451505,-2.48155543,1.422330644,-0.051663181,0.229866713,-4.371134461,-0.460731433,0.132131854,-0.578329085,1.477679271,-0.098808753,-0.623557665,-4.293048861,-0.292553521,0.295114894,-4.842711457,1.930399211,-0.181768151,-1.006419696,5.687188973,0.33310003,1.229369441,1.468636448,0.978145024,-3.548647006,-1.847585107,-0.678913065,-7.08949066,-4.038763291,0.691468098,-0.429154389,-6.578777819,-0.043369505,0.344011045,0.53776194,0.406040562,0.539209067,0.253343642,0.72984378,-1.713284081,-2.536995448,-1.720434066,-1.288007243,-0.976389952,-10.74002831,-12.78491785,-11.64826854,-2.482511051,0.259968227,0.910921586,2.111176603,9.685520549,-9.447817573
Mar-83,-0.775613155,-0.987293418,0.886289572,-5.313672847,0.551864381,-0.150685211,-0.251615641,-4.188562699,-2.497977633,0.189832584,-4.560164685,1.133946595,0.05560709,-0.490864098,-4.259958951,-1.442329203,-0.128426274,-5.11378359,0.470394811,-0.075049585,-1.013084107,2.188369327,0.119505669,1.182083963,0.175454717,1.038526779,-2.114825266,-0.495335015,0.929432314,-6.660777091,-6.201895524,0.533517773,6.063138148,-6.167994221,0.008531598,0.045486537,0.20409834,0.134227487,0.20853158,-0.875291276,-1.637621004,-0.550861233,-1.642227393,-2.727373608,0.262706504,-1.435818526,-8.551253017,-11.62985028,-11.01551832,-4.610740717,-2.052524829,0.213120316,0.794112709,0.497982021,-1.596191273
Jun-83,-1.069069162,0.492083226,0.355062472,-5.806642638,-0.104966573,-0.482672285,0.082932965,-3.624549097,0.338427451,-0.093066513,-1.155357709,0.374937448,0.202721195,-0.454178175,-3.695826458,-1.163551807,-0.109532346,-10.36344693,0.34806928,0.031682539,-0.546148848,-0.661367306,2.363040382,1.623573346,-1.150142572,-0.058169886,-3.92225779,-0.822484338,1.696735711,-4.600542483,-7.317653912,0.137807069,5.380515738,-5.952888858,0.076697964,0.152840798,0.240683085,0.304929922,0.242156042,-2.154657208,-1.941000774,0.096652969,-1.271158252,4.202901288,0.126968127,-0.606062324,-6.180692401,-5.147448784,-8.953572335,1.310804128,-0.52964912,0.145947971,1.878835803,1.920575585,-1.810908588
Sep-83,-0.451857277,-0.527261572,-0.379282539,-4.412156528,0.319186864,-0.097246673,0.451143973,-1.986694555,-1.255825684,-0.397625902,-4.885959794,0.093290297,0.343052432,-0.178645622,-2.196647435,-0.924784469,-0.100437871,-8.673338268,-0.182292026,0.135454888,0.080214232,4.847763003,0.134745159,1.09685905,-0.471534715,-0.00360434,-3.408128267,-0.411968621,1.656762476,-1.536406596,-6.140770851,-0.020409056,5.610732283,-4.261250534,0.136149172,0.305246991,0.348569297,0.466286222,0.350133594,-0.24169411,-0.579813363,1.968160888,0.731222858,-1.936836442,0.569422988,0.112186949,-4.619224338,1.652486505,-7.527511797,6.916436509,2.593877088,0.145636163,-0.728644425,4.864922365,-3.988004627
Dec-83,-0.542280627,2.09018574,0.402481983,-4.308709312,0.769658207,-0.150962313,0.550761813,-0.723396867,0.588245257,-0.215955847,-7.327012321,1.08677538,-0.023007028,-0.383177998,-0.652219254,0.589466151,0.389248921,-6.681594539,0.354318036,0.102274327,-0.004695366,4.165949748,1.129426831,-0.280038012,-0.752963987,1.180632418,-3.483949413,-1.504933008,-0.32913549,0.859825944,-3.274768435,-0.188991136,3.160164374,-1.180300709,0.111856869,0.325782748,0.327659674,0.450244164,0.332364026,1.552646841,1.785191609,3.069445764,-1.808068823,1.110651757,-0.441459584,2.161417488,-5.518166298,0.355612551,-9.395554619,9.153676344,4.661643814,-0.256076339,-0.758232744,2.455468609,-1.59995314
Mar-84,-0.926848273,0.203526224,0.538835323,-2.433846807,-0.121921087,-0.128679026,0.077883697,1.269661457,1.673035878,0.505890466,-3.604488424,0.28784387,0.104720578,0.827214978,1.473742023,0.558722339,0.951175501,-3.7744248,1.127771138,-0.037936937,1.024406864,-1.06743302,1.227216525,-0.062256015,-1.2660538,-0.917220992,-2.011446244,-0.266861872,1.129212334,3.720555203,-0.337634018,-0.227496144,4.705804401,1.585460918,0.017707607,0.270334925,0.376639056,0.343460092,0.378528298,2.019380093,1.777831545,2.367372342,6.114743204,4.864807241,-1.062605437,0.751562215,-2.673299262,7.15006689,-2.392692509,9.716709171,5.337046492,-0.295189606,-2.355398156,2.351853846,-1.81749676
Jun-84,-0.124768292,0.491911991,0.731470044,-1.642221169,0.172903674,-0.340062284,0.375308556,1.977783981,-0.373756802,1.444737133,-5.385935507,0.293549691,0.226427393,0.310107205,1.913060019,0.588293161,1.09943835,3.56354156,1.066392068,0.02867938,0.830686586,-0.699690317,-0.200981361,-0.977069243,-0.127926437,-0.035068807,-1.008531768,-0.75822886,-0.385180065,4.369878001,1.142310221,-0.134434452,1.609203644,0.963897856,0.058518028,0.219586762,0.195987498,0.287308951,0.19809964,2.049136692,2.313061374,1.303846561,-0.052072319,-1.285951332,-1.122578181,-2.613439622,-3.605810108,3.00179951,-2.702927402,7.829109877,5.427255629,-0.775781751,-0.858835549,3.252970801,-2.800674423
Sep-84,-0.248251592,2.307124673,-0.616582614,-0.973981061,-0.530126949,0.095569533,0.328191644,2.382946568,-0.325307401,0.310306736,-2.117320072,0.500568013,0.342240108,0.019619426,2.316457836,0.182789611,1.176882553,6.355477169,0.408596835,0.119005275,0.405662718,-1.118455973,3.048178872,0.278123347,-0.886770526,0.211526639,-1.439236017,-0.89269491,-0.307228796,5.714008018,1.694775827,-0.1149031,1.769183682,1.677928567,0.108093704,0.62205254,0.317949654,0.60295102,0.320314702,1.784617893,1.753957219,-2.531481968,-1.093872835,-0.959648037,-0.334749361,0.154155281,-10.06639799,-2.00062249,-11.03267497,7.203010387,5.712141518,-0.594757859,-2.440385597,10.84926996,-7.950012887
Dec-84,-0.343530232,-0.899228949,-0.300007207,0.780002797,-0.82440249,0.291543917,1.603030731,3.775985483,2.024504119,1.020975587,0.630849883,0.912740964,0.452143898,0.743227451,3.836803765,1.594052456,1.281268013,9.789870732,1.301026384,0.210904818,0.818700742,-1.048096803,-0.682982223,-0.917450148,-1.391358812,0.189406106,0.231452571,0.266409152,-0.01451805,6.725651621,3.770058107,0.254226379,0.539968268,2.1504905,0.160203638,0.2741093,0.241647687,0.370367014,0.244286323,1.648030474,1.948231656,1.04884091,-2.6792056,0.734140832,0.220132875,4.278295113,-7.602661537,2.418964822,-9.013886493,8.496158044,6.485147848,-1.037708399,-1.644026462,13.86894259,-9.521772826
Mar-85,-0.485981707,1.263103605,-0.571983101,-0.485668772,-1.266233248,0.446628628,-1.056459703,2.855035585,0.692165154,0.454186055,0.162610344,0.846503656,0.555910039,-0.771884328,2.783368019,0.226248452,1.149545008,11.74292624,1.305997928,0.301167701,-0.23788995,-3.90141201,-1.432250504,1.02579353,-0.848390173,-0.008129861,2.185109243,-0.00410687,-1.654447606,5.185070771,2.607286439,0.21598931,-4.703498263,3.85978303,0.199549271,0.123745297,0.133005039,0.1621608,0.138927145,3.510435041,3.354415475,-0.294885908,0.167413123,1.179802594,0.244334454,-1.362211065,-4.917732954,3.135939466,-4.510886443,9.195102114,7.060003648,-1.129348013,-1.600644437,20.70492404,-12.9715917
Jun-85,0.149617865,-0.452685733,-0.494240054,1.6791803,-0.38268952,0.392875881,-0.007115242,2.809040388,0.061666093,-0.443391342,6.628454999,0.429752574,0.653027214,-0.001191925,2.984332315,0.164937798,0.828488404,8.884071308,0.624332276,0.389451803,0.287478446,-6.586087091,-0.617779641,1.144005297,0.245947551,-0.535072305,3.140396689,1.106394274,-0.260460666,4.082747198,4.512382242,0.291018061,-7.603920635,3.816475463,0.279731917,0.433777471,0.422794124,0.315704768,0.42299713,-0.370435611,-0.358282209,0.420862889,2.041569949,1.098269693,0.204786632,1.598573776,-6.611841345,-4.286768067,-6.745386463,9.227850799,7.108536944,-1.330757689,-1.654601639,20.39660445,-13.56756557
Sep-85,0.07616417,0.161499964,-0.00206054,3.956702871,-0.787191332,0.702592076,-0.166868518,1.500688417,1.31018751,0.053628548,9.717848121,0.185183998,0.742636666,-0.165141054,1.418333044,0.489782778,0.124282522,10.37415552,0.969638847,0.477226769,-0.014704808,-5.223703517,-1.700362884,0.913373039,-0.660053378,-1.198663357,4.419375315,1.735451498,-0.240623722,1.273844884,3.931553175,0.335058418,-3.642509916,0.618446703,0.328228174,0.211945418,0.21170423,0.105269955,0.215169411,-0.86347016,-1.797766006,-0.777359346,3.280696248,1.098351789,-0.83365265,-0.8525156,-11.53304271,-12.42679222,-9.454813028,5.827369228,5.602794249,-1.322276713,-3.506553463,18.07661771,-12.21898758
Dec-85,0.903700858,0.311918788,-0.530724501,3.897651839,0.2712601,1.851104738,0.090353781,0.435183804,-0.393722265,-0.356567716,5.544314378,0.751390038,0.823471492,0.018381725,0.47188532,-0.523717588,0.266593868,8.472141043,0.026954621,0.57171884,-0.174239994,-2.780663191,-0.732617161,1.447028492,0.844191184,-0.18299152,6.332422595,2.902503993,-0.350691525,-1.414087863,2.448346687,0.128909452,3.663310622,-2.846334886,0.381339804,0.361717626,0.197160394,0.229930086,0.16385275,-1.740958145,-1.712996419,-0.451275074,-0.406379855,-0.35496048,0.721055422,-2.102582218,-15.3454853,-12.80792235,-15.23182632,-1.399969357,1.913646278,-1.200392827,-3.079667281,6.677620941,-3.080359563
Mar-86,-1.557832968,2.750250983,-0.113180054,0.076212332,-1.708261697,0.737635601,-1.331854619,-0.89264155,0.607208818,0.33987136,1.41081002,-0.404605151,-0.106199355,-0.732408942,-0.863187848,0.971180555,0.389960036,2.311775843,-0.572779625,0.54785599,-0.640219855,-6.363228759,-0.105895526,-0.841496908,0.759246938,-1.504122299,4.647568631,1.63865044,-0.590343872,-2.065619532,-0.448663259,-0.071727727,-1.201655863,-6.589069237,0.37416343,0.043430116,0.240455341,-0.100306911,0.227321423,-1.666399725,-1.772418337,0.519813645,2.607295411,0.950114612,0.266646305,1.136782831,-15.21679273,-10.15548739,-14.86465209,-9.049326369,-3.662612919,-1.390993376,-3.531885149,-0.165203577,3.584912689
Jun-86,-0.79774972,-1.684728704,-1.494383907,-0.528081498,-0.990153506,-0.772583872,-0.602365426,-1.9838318,-2.24636818,0.190244089,0.400422473,0.032122787,-0.423621595,-0.181060909,-2.087660488,-0.866100318,0.241132504,-1.516374627,0.100081618,0.055208866,-0.56784659,-4.500840393,-0.767739879,-0.156681369,-0.662769963,-0.566655308,3.557094733,0.826778557,-1.507385461,-2.872965577,-2.491935791,-0.171907651,4.228414581,-15.34449561,0.066557335,-0.513807166,-0.35024143,-0.894576813,-0.346252696,-4.124533967,-3.745107691,-2.270916099,-3.132275147,-3.98751716,-0.320689561,1.749260513,-3.261238547,0.385739121,-4.716294609,-16.73816812,-10.19252398,-2.199393154,-1.290536552,-7.138647445,10.10909409
Sep-86,-0.928401238,-2.09281911,-0.940727727,-3.037728817,-0.396021802,-0.550483242,-0.656790667,-3.344531742,-1.394632916,0.305658456,-2.831771732,-0.445934398,-0.380974571,-0.425526534,-3.330302736,-1.811792518,-0.415883559,-8.638364052,-0.157538054,-0.265994292,-0.986663692,-6.729169633,-0.147807365,-0.067377822,0.061948538,-0.545005568,0.860387303,-1.083529083,-2.554348866,-3.839443795,-4.183842675,-0.200598984,4.902359899,-19.7430347,-0.14885405,0.066088584,-0.252910705,-0.582952705,-0.248839814,-5.540010977,-4.585666659,-2.086536333,-3.58114616,-0.876989643,-0.357766463,0.211753914,1.466209401,1.599617123,3.430848113,-18.80934165,-14.75606124,-1.960091981,-2.308643712,-13.00018509,15.01745325
Dec-86,-0.737372632,-1.325184079,-0.973004805,-4.046968981,-0.5206947,-0.91167587,-0.85229048,-4.472721955,-1.975448268,-0.440653062,-4.76986068,-1.61505809,-0.730172864,-0.853846606,-4.592872821,-1.379948315,-1.17466956,-14.24459305,-0.51953116,-0.33855975,-1.649652646,-6.675468625,-1.868274771,0.304567156,-0.935715001,-1.224191017,-3.64134615,-1.989970065,-1.109246504,-4.676945984,-7.723661331,-0.129109928,4.863057623,-22.77968003,-0.200487889,0.094521299,-0.233314368,-0.263948561,-0.232193726,-4.344405762,-4.949983877,-2.090428961,-1.33311436,-3.247502466,0.075587283,-2.779473921,-5.936574347,-4.717637369,-1.91450776,-14.46150221,-12.2215778,-2.383328651,-0.961894285,-7.243629694,8.186210003
Mar-87,-1.925292332,-2.122823337,-0.579283897,-5.56553167,-0.749146555,-0.971064401,-1.788865755,-4.741109991,-1.682246077,0.234399378,-5.52770568,-2.123937681,-1.097892945,-0.455142227,-4.742247504,-0.714248486,-0.648789088,-19.5107653,-1.751788892,-0.511127529,-1.298807676,-3.740416562,-2.452928614,-0.912050798,-0.360725412,-1.029096903,-3.468435401,-2.669124214,-2.078917522,-5.387133707,-7.542619569,-0.412359904,11.2827395,-22.83712003,-0.347668317,-0.276146393,-0.659056234,-0.503714011,-0.667912705,-1.431298223,-1.291396938,-2.983179513,-9.036809486,-4.700299002,0.16723737,0.998103379,2.438451746,-1.406401668,10.39201608,-17.77979885,-12.15458073,-2.229166252,-0.222586594,-8.935284252,7.386750663
Jun-87,-2.109860749,-0.072727196,-0.837822218,-5.323418657,-1.475900568,-1.643348347,-0.909342233,-5.904270458,1.676228665,-0.152376945,-12.96436275,-1.073844436,-1.110354928,-0.164339245,-5.914170632,-0.40023175,-1.45934753,-15.31430986,-1.68594155,-0.79112605,-0.700630867,-5.185228973,-0.426203273,-0.58155797,-0.782828972,-0.72733723,-6.351776333,-4.23539677,-2.201455823,-5.682818286,-9.590836835,-0.867810451,13.90289507,-23.21075806,-0.601594161,-1.084610941,-1.331594299,-1.352233716,-1.327449901,1.062715036,0.815729854,-0.315287345,-0.165925547,3.448568932,0.611985147,-0.361850567,15.74834123,7.545936884,24.88058325,-15.37264426,-9.946965423,-2.001833215,2.942918939,-13.32030491,10.20014088
Sep-87,-1.401053345,-1.547722391,-1.205407988,-6.043843412,-0.755660166,-1.652953639,-0.325938435,-3.516420213,-0.625517772,-0.42667639,-12.76873495,-1.497995039,-1.143092742,0.289610043,-3.651811418,-0.218834471,-0.630824304,-19.72036472,-2.232390385,-0.910664278,-0.165734909,-5.256887538,0.223986964,-0.123958477,-0.354044005,-0.661761863,-3.303639855,-2.696360862,-2.339977381,-2.920848954,-7.109148844,-1.090155951,8.197019104,-18.04996798,-0.742246957,-1.211396201,-1.285974645,-0.630177517,-1.28184102,3.503673046,3.250671095,-0.221994952,0.866917625,-2.3884476,2.030339285,-0.871174856,13.44919077,10.69932174,17.53220122,-5.238617438,-2.494603524,-1.090309136,1.952465478,-7.815042703,5.96698041
Dec-87,-0.239955872,-0.134558836,-0.232976375,-5.79833625,-0.264758966,-1.374845781,0.945458382,-1.367688442,-1.231729909,-0.232384255,-10.74499424,-1.450482524,-1.195946346,0.889406534,-1.387497182,-0.711459152,-0.453481048,-18.032136,-2.40592886,-0.937356724,0.672525048,-3.18825269,0.543656526,0.078190534,0.657758779,-0.181706147,-2.105292261,-1.526268837,-1.224973188,-0.836943596,-3.853651768,-1.287330365,4.419308906,-8.650794458,-0.722232242,-0.975348148,-0.65541111,-0.469370106,-0.65129211,3.017248478,3.286150504,1.223642443,0.390243386,-0.670106811,-1.085458676,-0.947838453,2.89215896,-1.114800134,5.40421103,-0.044883766,-0.249502518,-0.60605604,1.167188475,-13.34984023,10.46734086
Mar-88,-0.388238874,-1.604489026,-0.41829969,-4.50527035,-0.683007021,-1.429690515,1.134065553,0.233163368,-1.35162165,-1.929197282,-15.02023357,-0.813327027,-1.268041265,2.260963637,0.20730071,-1.155190959,-2.094822197,-11.87673511,-1.258817749,-0.984248736,2.266615973,5.907365523,-1.821932347,0.273105296,-0.819542455,0.195731271,-1.879550196,-1.542686199,-1.282930694,0.899239134,-1.15391731,-1.042672049,6.460941641,-1.930204854,-0.743691652,-0.753555635,-0.772313798,-0.600242318,-0.775208072,-2.554412922,-1.666167514,0.506522225,-1.208920564,-2.674294232,-1.047359703,0.64328354,2.953778378,1.267565009,5.567101818,-2.464307262,-2.359974891,-0.224548665,2.245310824,-16.98116602,12.70749632
Jun-88,-0.52631254,-0.174010186,0.149379449,-1.991357887,-0.000356371,-1.623360973,-0.463998873,0.673411858,-1.226453994,-1.868958727,-3.472983154,-1.047317588,-1.357755559,-0.00985726,0.640234863,-1.658273327,-2.877481158,-11.58498651,-2.079562626,-1.044799812,0.463662423,6.19403909,-2.588496909,0.095486093,0.207431996,0.945197241,-2.478630226,0.123061179,2.009395278,0.417470919,1.614862331,-1.269814134,0.572889777,2.809388915,-0.763315425,-0.759497921,-0.836683179,-0.676931629,-0.832586745,-0.294809115,-0.971958951,-1.219701182,2.178059582,-0.879982281,-1.026347829,1.224918858,11.43526237,8.139888565,12.03462234,1.21563143,-1.534348724,-0.603152435,5.375954266,-16.84077128,11.6765107
Sep-88,0.479172477,0.337965906,0.617715453,-0.033905105,0.396498526,-1.231703393,0.412318101,0.68561864,0.576290602,-1.44988776,-4.059077575,-0.286717557,-1.46267476,0.98849424,0.755476143,-0.55031736,-2.231416199,-4.84007179,-0.749930446,-1.084854296,1.329783599,-6.874044199,-0.925240746,-0.682180593,0.889247227,1.424723482,-1.446914549,-0.077584029,0.942679378,1.236490115,0.895468392,-1.203769626,1.516771935,6.997827293,-0.781328995,-0.454183294,-0.71303703,-0.311200365,-0.711941465,0.413036762,0.419250382,1.226248563,-0.804633829,2.614370275,-1.322044423,0.406787114,9.750714948,3.640586854,9.092552111,3.51916767,-1.171302065,0.036971514,2.190080248,-8.756335887,5.584625404
Dec-88,0.452070995,-1.593281872,0.579077911,-0.767716262,0.299039473,-1.188616082,0.36633453,1.171531647,0.514849897,-1.627855416,-0.500863491,-1.066742359,-1.579535804,0.547746819,1.124296586,-0.050934951,-2.051948799,-1.571092494,-0.417364128,-1.154603531,1.00134401,2.4756555,0.649123934,-0.627013001,-0.566811854,0.411568828,-1.014593475,-0.246487535,0.297279586,1.196440455,2.553843077,-1.045468842,0.939060933,9.038978876,-0.808480719,-0.709145354,-0.665370197,-0.537387768,-0.661265203,0.64971936,0.515618843,1.550264524,0.960535306,1.775571764,0.357636083,-1.017665616,10.47742853,0.548224505,9.222685145,0.814738165,-1.71427401,0.383686457,3.800435323,-13.61016001,9.08013605
Mar-89,0.256881289,3.336706635,0.963963449,2.892110002,0.756738704,-1.244430865,-0.215484512,3.185172183,-2.134851138,-0.424076668,2.007785641,-1.19523041,-0.829161456,0.795865674,3.23929602,-0.148554843,-0.393768263,9.807040431,-1.350046116,-1.219560827,1.039556301,2.720431873,3.449889043,0.269553534,1.480838318,1.440742775,0.078635389,2.426706245,4.172273804,2.797581717,5.415947168,-1.006511126,-2.346999483,9.349241243,-0.848030629,-0.733633839,-0.692231882,-0.564638581,-0.688105962,0.764802272,0.354207502,0.041297853,-1.58571767,-6.913053423,-0.789346448,-2.217731598,18.7356748,9.61223066,17.45216619,3.576933186,0.400292777,0.660380713,5.538439922,-9.611347344,5.20035798
Jun-89,-0.903585497,0.868959275,0.480278748,-0.703391819,-1.065636358,-0.873313348,-0.032759795,3.111393878,4.535303555,-0.403360772,0.112333089,-2.355713269,-0.331387271,0.27762355,3.158902772,5.045367914,-1.417452856,-3.826984054,-2.841427481,-1.142517865,0.718112244,-0.857523665,-5.09418078,-2.586743044,0.198461903,-1.393409174,1.611464401,1.042842505,0.7771572,3.446372367,4.934911875,-0.736593355,-2.116894331,13.15187573,-0.812733452,-0.721455269,-0.716755428,-0.61676168,-0.719598459,8.537038136,10.38364178,10.15284651,10.24065073,7.599095079,2.758682227,-1.206441425,22.93352419,14.58297339,18.28618462,7.628881706,3.383344636,-0.038064797,5.12725416,-1.02068842,-0.327910825
Sep-89,0.358613002,1.401656463,0.119867608,3.641354975,0.363480628,-0.129918035,0.555409942,2.068515141,0.878229577,-0.418490877,3.533793427,-1.472601723,-0.455530575,0.714415883,2.110468817,-0.409829938,0.550827,4.114309589,-0.740024545,-0.795504103,1.21439575,6.74268015,-2.682330335,-1.103361795,-0.286208568,-0.816086185,-0.48457837,-0.189508862,-0.066863617,1.879028328,5.170523449,-0.683496337,-2.016204489,15.40359475,-0.625813899,-0.698957643,-0.456641534,-0.557213042,-0.462447343,1.319960674,0.951379152,1.206930108,3.209391473,0.788223311,-0.140315933,0.951098197,24.77541881,20.86763523,22.05314858,7.96170798,4.471630131,0.875618919,-0.305925923,3.260103821,-3.097838822
Dec-89,0.924368255,-1.504555052,0.695877337,4.972297209,1.762861498,0.65094639,0.845519917,1.638518854,-0.652432376,0.144057545,4.545395079,0.355205424,0.304298419,0.600320847,1.676107732,-0.022997982,0.150898868,7.823416901,-0.145722876,-0.436834923,1.189452866,9.46370628,-0.265633453,0.692883007,1.690083946,1.373783453,-0.481624997,-0.263286334,0.01121786,1.473765163,3.800334754,-0.55488516,-3.923891856,14.90205294,-0.415988719,-0.432038053,-0.254142927,-0.388063166,-0.252907513,-0.649884116,-0.80108486,0.848514975,-0.310016879,-1.576315236,-0.305531474,2.240286142,30.33307674,29.00085558,27.95938992,5.603165613,3.204660253,1.848356036,-2.151739766,4.977226562,-5.163232575
Mar-90,-0.072586633,1.704031667,1.0322582,4.667177701,0.782104273,1.074699109,0.334404692,1.92605531,1.239751293,-0.215855389,4.044280384,-0.536447067,1.579274206,0.53461666,1.960574287,0.529506522,0.291763025,8.43601,0.266146809,0.294671481,0.771126046,6.363615011,3.391054233,-1.082940267,-1.012850116,0.393985785,1.599744129,0.810721224,0.224167723,1.270951668,4.720275974,-0.169583963,-5.531742084,15.60904962,0.125416468,0.68784326,0.755773069,0.624965706,0.753055161,1.30492584,1.497527911,-0.490770212,-3.772824782,2.935320311,0.451509343,4.817341117,27.57643289,26.23575593,23.3680916,7.607309967,4.183546468,3.955677735,1.285660665,9.504672463,-9.618132116
Jun-90,1.346670444,-0.903691662,1.066588239,5.589761498,1.874173699,1.621475798,1.045388877,3.427594724,0.533000527,0.232287315,5.891994666,-0.083153238,1.500381096,0.983671678,3.460419681,0.427193696,0.90063358,9.653830296,0.328335532,1.002469938,1.204883383,10.76605432,4.249196287,-0.186828972,0.983260447,0.443425885,3.924284742,2.509723503,1.43353921,2.806284605,6.530433214,0.045417773,-6.92928071,17.5100822,0.607336038,1.09849608,1.275297966,0.91039387,1.279632875,0.185939625,-0.026194672,-1.099129775,2.201775806,0.940588338,-0.348723746,-4.06810458,15.49743507,15.99847258,11.69955604,10.99081824,6.826708918,4.830853157,1.530975826,15.52232485,-15.41037098
Sep-90,1.706756286,1.338732036,0.787579846,7.068928806,1.509597319,1.950633777,0.966289315,4.59241094,0.794332474,-0.368480469,9.918306896,-0.859868192,2.32261635,0.885928391,4.624977166,0.445335123,0.313758482,16.14211305,0.197167037,1.358831108,1.193220702,11.52056854,1.130851165,0.915036243,1.212413143,-0.335680761,4.89786679,3.582493337,2.755344289,3.927567377,7.814942611,0.114275974,-8.390353963,21.2622365,0.822625982,1.267300285,1.482150919,1.35535102,1.470547168,0.920827855,0.644669116,0.827029799,7.806984951,1.583147287,0.107774548,-3.081506341,4.871959822,8.744956423,1.895320617,9.823372107,7.548892676,5.312412116,-1.447841529,10.03606002,-11.58847508
Dec-90,2.25350913,1.57158445,1.803301115,9.583648097,0.929897441,2.436536944,1.399958185,5.541077715,2.880856618,0.819650218,12.11764661,-0.131407354,2.550039492,0.845126993,5.574859393,2.620419962,1.353664496,17.20150518,0.347443412,2.011399105,1.138507883,2.179656167,2.830013046,-0.215791163,0.289871837,-0.56381315,6.543425272,4.155642927,2.427395334,5.00044131,9.243748011,0.247040373,-6.831269884,20.6541283,1.364762705,1.309949196,1.914254024,1.654397855,1.938719805,3.976453282,3.816904616,-0.20787501,-3.110969403,4.468128438,0.542164973,-2.022106291,-9.17077049,-8.112413147,-12.95632311,4.03787605,6.396336706,4.939110635,-1.84280917,0.802741665,-4.136319313
Mar-91,2.088572495,0.475484624,0.298866168,10.73958752,0.170814885,2.657636718,0.595499116,5.696565856,1.945712796,0.731179632,12.90822048,0.801115768,2.560258413,0.186718668,5.733055707,0.64648005,1.919386282,20.90281895,0.701332199,2.290968776,0.806218585,2.606121668,3.253874952,-0.392937162,-0.542227051,-0.036057379,6.912663319,3.588649997,0.928336849,5.580178767,8.751664303,0.335980722,-7.689045173,21.29524463,1.52470847,0.79434407,1.23160303,0.773247977,1.246153463,1.064099991,1.153090135,-0.354555002,0.654646589,4.673193932,0.272215391,0.066583653,-1.880179711,-3.065372379,-5.319425218,3.948743141,6.356859945,3.779166523,-0.853088138,4.353639918,-5.533439341
Jun-91,2.121962053,0.566708183,0.825015263,10.1344473,0.825198952,2.692825014,1.070841281,4.965852017,-0.695965639,1.076165597,14.00030162,2.323824981,2.229287225,0.436713738,5.006540189,-0.356288745,2.079908983,23.53954423,2.710886751,2.183077843,0.657498111,7.268287981,2.893360188,0.033269755,0.677149306,1.178216232,4.792676324,2.912393559,1.640278727,4.889806208,9.143288984,1.058300553,-5.849383373,21.783183,1.487572565,1.055567447,1.284997279,0.96558099,1.293639115,-0.222750187,-0.244918586,0.558785774,-2.65153361,-0.144956375,-0.381630819,1.351706197,2.634520578,6.050757777,1.938419485,5.096406329,5.059638337,2.951003355,0.333666362,8.928310825,-6.426396332
Sep-91,1.828972981,2.954721152,1.018379615,9.337571646,0.605388135,2.03974606,0.760179641,4.520479961,0.01849098,1.152418485,11.24096325,2.041424544,1.806539882,0.153374243,4.566831221,0.572182872,1.989824931,22.57461403,0.720844314,1.95383217,0.407106161,2.794079206,1.617000115,-0.497597498,0.136664711,0.779596632,8.304559785,3.821428226,0.707793993,4.160457623,8.593450193,1.168962859,-3.781018541,21.3646557,1.480511334,0.9142054,1.366466358,1.01159322,1.371188892,-1.17572148,-0.98475209,0.134098033,-3.102962575,-0.895872553,0.963172534,1.621832532,-5.915364767,-1.437505746,-4.698397958,4.840868665,3.835054545,2.988965352,0.470702476,8.940410893,-5.892239849
Dec-91,1.964302618,-1.984162127,0.578354001,8.921682033,0.989890758,1.383671069,1.366441519,3.352285579,1.549969202,1.507997352,15.84371316,1.916201136,1.165037032,0.317361647,3.405713882,0.041267126,2.538460563,19.56477656,2.08805008,1.516973202,0.274471566,5.201389972,0.54590174,-0.537174415,0.741803635,0.571457744,8.302376939,4.048344263,0.945869302,2.343853971,6.685868447,1.163591818,-8.318908722,19.16255974,1.193751388,0.472184275,0.663236736,0.425877502,0.668006398,-0.41950557,-0.561428201,0.898457007,4.094188702,4.584404453,-0.493566847,1.089480775,-1.101404662,0.409349811,-2.188179087,2.967030689,1.974294904,2.463094936,1.871596521,5.064188505,-3.489229098
Mar-92,1.657390613,2.130326523,-0.061300205,6.576810297,1.18952541,0.650723075,0.765773129,1.109833596,-1.249247977,1.231943783,5.653762703,2.791927811,0.551670236,-0.206678911,1.274395266,0.535939319,1.687881093,14.11725937,2.499934232,0.860021234,-0.232365109,2.18238687,0.275793534,1.055409673,1.210857166,0.939828429,5.200339934,2.73934631,1.315440591,0.313186764,1.540167816,0.824659941,-9.260807137,12.38155518,0.698594019,0.078859037,0.077680835,0.036394428,0.112438245,-0.955653562,-1.448062995,1.660229646,1.851494766,-6.559809984,-0.193401551,0.476571586,-9.336548299,-9.650433532,-13.72758931,2.897231751,1.661000443,1.296994912,1.909121726,5.651990378,-3.826298776
Jun-92,0.868629915,-1.59747624,-0.914035122,4.727293902,0.501090151,-0.008919679,0.136869402,-1.035272977,1.002278996,0.645478706,11.36710396,1.674518566,0.087602906,-0.254780055,-1.069009024,1.182376552,1.051197943,10.25886318,1.871111821,0.382548456,-0.722903142,-0.379978882,0.00472206,-0.124928468,1.17450313,0.078686996,2.93119282,1.078532403,-0.058264549,-1.241193557,-2.519429279,1.465723497,-8.875934756,6.787168623,0.383594426,0.349289537,0.116756557,0.318838415,0.112413541,-0.747721685,-0.173359823,-0.01314627,-4.317490739,1.888675783,1.559785194,2.51104853,-25.50202186,-20.63289261,-27.91824711,5.016820232,1.919274885,0.340357544,1.346777885,8.579624842,-7.602916513
Sep-92,0.207658268,0.315906039,0.126338276,3.157521603,-0.098958219,-0.263888986,-0.905791497,-1.389601747,-1.525164263,1.004465339,6.418949177,1.701853781,-0.231346339,-1.135986274,-1.307492794,-0.235091401,0.887286722,3.680551636,1.253824724,0.132589544,-1.6369003,-4.266399736,-1.140220765,0.057759321,1.093343555,0.813415488,-1.51783378,-0.377175904,0.94428388,-1.589808701,-2.023519818,1.241792561,-7.952884663,3.574623844,0.218871183,0.10748634,0.118373254,0.030881132,0.125791118,-0.263007972,-0.293918556,-0.94137146,1.097579391,-4.920420542,0.059347361,2.704574187,-28.31053913,-26.36259755,-29.4397385,3.438160661,1.278637598,-0.470195477,-1.022336936,5.786150861,-6.847446961
Dec-92,-0.021493876,-0.973633827,-0.508868777,0.665918154,-0.613521734,-0.320171064,0.091890797,-3.989203482,-1.333547605,0.533364158,3.211064417,0.593917834,-0.284413632,-0.942905692,-4.004402052,-0.129690274,0.527565115,2.301815905,0.708358249,-0.038059919,-1.444683487,-5.289357783,0.196582759,1.30803576,-0.878802427,0.196040725,-5.01396239,-2.835333666,-0.655897592,-4.128844258,-5.293486249,1.107316147,-3.895054802,-1.939533405,0.08230312,0.023241703,-0.126632696,-0.195005022,-0.119640447,-1.149067715,-1.27312257,-1.099199689,1.38819911,-3.44163341,-0.005351947,2.251103131,-24.00117474,-24.05160947,-25.89115473,0.129282636,0.68187426,-1.229931387,-0.874449135,5.698935687,-3.977957783
Mar-93,-0.692485746,-0.891367602,-1.88344368,-1.975996111,-1.451531381,-0.584090533,-1.208307761,-3.585881476,0.36092737,-0.950835349,-1.198796152,1.027015971,-0.575690514,-1.401728997,-3.480314247,-0.33555767,-1.528207741,-2.48215557,2.391507298,-0.160687219,-2.092227166,-1.682601729,-0.963899025,-0.586979119,0.160461763,0.721881116,-1.701808025,-2.185591324,-1.873787075,-3.872764753,-3.020055923,1.100892268,-1.90071864,-7.067820605,-0.063367727,-0.350719295,-0.342498899,-0.569366952,-0.326171198,-0.663211663,-0.745413384,-1.655365325,-2.252031744,2.14914728,-0.488279924,2.158473799,-21.35386685,-21.84630473,-23.14188798,-2.283536621,0.402023344,-1.777658051,-1.140243207,5.506003887,-2.274473222
Jun-93,-0.576291043,1.056565332,-1.399210658,-4.933767113,-1.061152558,-0.580585242,-2.022861369,-3.631087533,0.261612698,-1.339027235,-6.174150098,0.4724334,-0.359090769,-1.997739906,-3.621937016,-0.224504965,-1.549380124,-8.689880182,0.543925038,-0.316555854,-2.192978032,-7.546305003,-2.650061007,0.546779133,-0.919347069,-0.120667122,-2.336958981,-1.531131911,-1.169060173,-3.881758416,-7.207081929,1.100097387,-2.23299952,-14.23682162,-0.182450763,-0.3966861,-0.225383815,-0.194629684,-0.226016405,-1.045529794,-1.263094567,-0.702189993,-0.02086377,-0.413406112,-0.003059038,-1.723055042,-3.500105744,-2.235870376,-1.832756367,-7.084267316,-2.596843578,-1.204853981,-0.542065989,-2.661328659,4.447462707
Sep-93,-0.739424816,0.162448781,-0.762648358,-6.612981422,-0.700614932,-0.431141316,-1.228751018,-4.357578267,1.845151641,-0.457927741,-7.999281816,0.499099902,-0.763168373,-1.178608826,-4.227310634,-0.271653014,-0.817415294,-12.88498655,0.052039749,-0.271828892,-1.189205318,-6.350675549,-2.735026861,-1.655819136,-0.729750496,-0.771611646,-1.404541322,-1.782614983,-1.691548084,-4.411456953,-9.413216233,1.04498349,2.032285651,-19.9223849,-0.155215788,-0.179728959,-0.11523184,-0.25786239,-0.111187478,-1.297256594,-1.231745068,-1.391613791,-3.801837561,6.75700657,-0.144279444,-0.49927056,-1.042950287,1.671546574,2.872161983,-10.49532683,-5.602108676,-1.275688175,-3.048074062,-5.498248822,8.529430936
Dec-93,-1.165785058,0.347089777,-1.304363221,-9.354636871,-0.204781682,-0.769138677,-1.22573568,-6.237779767,-3.109662384,-1.162231386,-10.88355392,1.564081219,-0.916252871,-1.752385578,-6.207353384,-0.478510616,-1.844871207,-12.08642798,0.806226978,-0.458471554,-2.187117355,-5.562100713,1.672932013,0.653570651,1.204513195,1.344598762,-5.420688092,-2.962142878,-1.346823573,-5.976137589,-13.52907062,0.961874997,4.804270268,-23.61984172,-0.34281857,-0.223670193,-1.069846508,-0.860012596,-0.973554571,-1.587160943,-1.669425928,-0.436144527,11.96684965,-7.089993119,0.093406466,-2.123063967,-9.587647254,-4.082166747,-2.844697303,-11.25819557,-7.697036457,-2.056041326,-2.965057411,-1.947533726,4.898337842
Mar-94,-1.841033928,-0.95807687,-1.736249629,-10.78381682,-0.728602989,-0.729864454,-0.954808417,-6.500213575,1.14546374,-0.551766337,-8.834937126,0.318910908,-0.696196827,-0.959279358,-6.346463623,-0.437236669,-1.238531977,-18.93389471,-0.446114706,-0.581279169,-1.557548504,-7.551226934,-0.469368628,0.46174655,1.200844821,-0.10969501,-6.606993365,-3.253299114,-0.901358066,-6.08370666,-11.16734685,0.585144466,8.445302819,-23.29618074,-0.488317866,-0.095219787,-0.921959333,-0.543866668,-1.024918342,-0.820539013,-0.975921788,0.167582491,8.142845343,5.509495604,0.239804233,-3.101120717,-2.881803073,0.562890759,0.952729163,-8.459772772,-6.387822303,-2.413322862,-2.279228339,-1.418361246,6.363005473
Jun-94,-1.480640091,-1.25658774,0.016536572,-9.741253062,-0.847799488,-0.622195066,-1.293162306,-4.028849472,-1.395520908,1.142588858,-10.92493607,-0.75460701,-0.480280148,-1.21198392,-3.864778311,0.208032549,0.58287371,-21.83405048,-0.712413392,-0.511760519,-1.550283083,-6.910423502,0.329673191,-0.23849826,0.718527667,-1.064520344,-6.06133358,-2.954407428,-1.398852335,-3.749946036,-7.179202865,0.27240924,4.161121671,-21.67631859,-0.408558172,0.038052063,-0.240633173,-0.296673462,-0.246470979,-0.531679612,-0.761254347,-1.184237251,-3.31679919,-4.643767948,-0.56064426,-1.819493013,2.980395521,5.447807418,6.320626452,-8.487098832,-6.581108554,-1.696549516,-1.535800507,-4.565573066,7.869812173
Sep-94,-1.110851147,-1.085639998,-2.815143361,-10.16114476,-0.043418806,-0.348557428,-1.013116591,-2.083673694,-0.572001909,-2.759851098,-11.50321234,0.351354044,-0.270347617,-0.563111381,-1.910869239,-1.185414779,-4.198324302,-19.72733017,-0.277772349,-0.353061089,-0.455644337,-0.412834347,0.403956158,0.771659442,1.228746779,0.149103747,-4.803273618,-1.969028504,-0.563422148,-1.389835705,-5.386047868,0.366687765,7.542227462,-18.7136107,-0.282078788,0.175634676,0.207645338,0.265658084,0.131235904,0.36676249,0.127482389,-1.35621007,-4.134554611,-1.79487112,-0.258256711,-0.308744078,4.082682777,6.179680739,6.5372484,-6.128720652,-5.677829147,-1.452087931,-3.377553723,-8.221189962,9.370015146
Dec-94,-1.661995313,-0.152305934,-0.298946123,-10.08841893,-0.442890274,0.025967078,-0.962776908,-0.633037723,0.472075934,-0.567824532,-9.923972317,0.137383389,-0.067943843,-0.778465908,-0.453695416,-0.919298579,-1.152851266,-16.69077209,0.222170656,-0.187006512,-0.396732042,-3.428292767,-4.677283512,-1.296540043,0.28514287,-0.292397063,-0.876279841,-0.616688972,-0.29217209,0.880693346,-4.801644217,0.315484721,3.001790804,-15.96858581,-0.13116366,0.316993587,0.62153996,0.57140445,0.607804738,0.485425387,0.796809226,-1.047460895,-21.62887986,3.938456619,0.76274263,0.981367189,0.709650065,0.393577903,2.190560707,-2.378246494,-3.675592655,-1.644660687,-4.319378046,-7.992982085,7.949299745
Mar-95,-3.371408062,-1.669714956,-0.296232892,-10.01489728,-2.309840272,0.208961588,-0.666706278,-1.021777406,-1.037419734,0.357969699,-10.25114661,-2.52241407,0.125555533,-0.154536498,-0.838808221,-0.632667586,0.0860438,-13.27428826,-2.611891174,-0.028201759,-0.184315818,0.595519509,-1.080144965,-0.278582557,-1.321823209,-2.04641543,-2.788064925,-0.908026356,0.45271144,1.468191066,-5.824487356,-0.00852762,2.899108171,-11.88923935,0.02007956,0.320484561,0.668584676,0.628676082,0.69275593,0.724643915,1.600738935,-0.449090298,-5.721710096,-3.2311567,0.114960638,0.568157628,-7.17416164,-8.810358269,-6.496309046,-2.000091123,-2.088351288,-1.3295759,-4.408013583,-10.42440079,8.641075996
Jun-95,-1.9107308,1.452030911,0.644940335,-5.639741417,-0.241108624,-0.406036991,-0.795589226,0.255524916,-2.008560542,0.400490376,-6.481651283,-0.90580003,-0.316182665,-0.000564138,0.543039643,-1.701296,0.440498822,-7.130952556,-1.625319712,-0.149134921,0.055571526,4.424846829,-0.194172255,0.899833545,-1.37032491,-0.731358729,-3.706502996,-1.534117175,-0.483000417,2.265104663,-1.918684092,-0.544489531,4.445566824,-12.69009669,-0.087374799,0.32126524,-0.487074992,-0.170773702,-0.324769989,-0.131441655,-0.736893512,-0.163656079,2.264969153,-3.544933583,-0.599521321,-1.837510021,-17.79185288,-19.36013527,-14.871213,-8.282894925,-5.102501618,-0.943575939,-2.878583814,-23.56108216,18.52470563
Sep-95,-1.45965935,0.176571075,-1.424610035,-5.56651693,0.385694543,-0.77315902,-0.297512102,-1.542941278,-0.494804137,-0.895320529,-4.583361554,-0.330844298,-0.894570085,0.364295271,-1.364876093,-0.350240988,-1.992703761,-5.876322304,0.054175404,-0.418276462,0.29242625,2.731432315,2.179627083,1.242541867,-1.902281452,0.207423523,-5.987745362,-2.398317219,-0.567146557,-0.29125753,-4.218503994,-0.481503263,4.398802402,-12.15126757,-0.324564959,-0.943707034,-0.944711391,-0.573584509,-0.966065461,-0.74903894,-0.950680875,-0.163026448,1.227747001,-1.605493843,0.119753803,-0.710406777,-8.705265638,-9.098153823,-6.510200006,-6.389038,-5.025774667,-1.180692961,-2.752103849,-12.99284221,8.683112012
Dec-95,-0.960396128,-3.00602538,-0.195910935,-3.410301149,0.541681126,-0.924857757,-0.214469565,0.238188453,-1.501401891,0.197321678,-5.162036991,-1.680617709,-0.735820762,0.488413841,0.405659112,-0.272681715,0.322504036,-4.968789864,-1.735370458,-0.657003639,0.337258184,1.070027889,0.42322619,1.311047328,-1.197281942,-0.450659848,-4.92985085,-1.758459634,0.016014453,0.740160997,1.495352453,-0.647009438,6.954186697,-10.17100969,-0.548474534,-0.795675714,-0.840292442,-0.501289209,-0.822219948,-0.218766418,0.101724065,1.401680064,0.834155047,-3.388074984,-0.174418248,-0.657867728,-0.776675527,-1.136416179,1.280546539,-1.06489117,-1.505694008,-1.120326354,-0.048878596,-5.926540449,1.358620661
Mar-96,1.400235867,-0.627793689,0.086335434,-1.283334982,1.404833593,-0.748806562,0.238885112,-0.509428643,-0.078154376,-0.469117292,-2.545041982,-0.264817242,-0.590589624,1.071300813,-0.359587716,-0.392160709,-0.405456742,-2.398439866,-0.244781757,-0.646432285,1.068537072,2.415411574,0.89602877,1.174776675,-0.357396229,0.234870384,-5.213839054,-1.958938688,-0.237361681,-0.783400064,1.612017793,-0.596488325,6.105867536,-2.062798573,-0.587884282,-0.464294431,-0.406195625,-0.065062184,-0.53371912,-1.089898984,-1.069602976,0.491862096,4.926137297,0.98049242,-0.372977713,-1.244872598,10.48677612,6.17223352,9.947789039,2.643015853,1.055908666,-0.878799375,1.85030081,-2.453872925,-2.233226359
Jun-96,1.520626845,-1.855565679,1.187630428,0.614952949,1.054712109,-0.578664098,0.355352862,0.007407173,0.124511322,0.171322457,2.036255702,-0.25000251,-0.45907171,0.884888074,0.131245532,-0.615900059,0.377488508,-0.173814913,-0.266230049,-0.542267606,0.826003086,3.541073006,1.300393503,1.665538431,-0.041785063,1.08342126,-4.429354924,-1.364528251,0.177546385,-0.789213139,2.504559052,-0.98736634,3.752400317,4.155350422,-0.473232168,-0.151719524,0.123726765,0.224235491,0.059465241,-0.973971755,-0.843033676,-0.043539556,1.751087192,1.64811253,0.247148329,-0.591090224,18.06419565,13.26468223,16.77471142,3.343649765,1.568485446,-0.285963001,3.360210297,-1.660875448,-3.948720598
Sep-96,1.525731984,-1.174821041,1.667019101,3.880579942,0.880838133,-0.440954356,0.776097142,1.56789454,-0.057870441,0.423206587,3.741047343,-2.815808218,-0.341092943,0.823747173,1.65592621,-0.323054748,1.109662807,1.512731285,-2.347237551,-0.428810787,1.027254847,6.11188655,-0.059931299,-0.667389643,-0.284948749,-1.184169252,-0.505308229,-0.084563535,0.229036784,0.257007828,4.255319117,-1.072746755,0.91707044,10.14325096,-0.364588726,0.044182857,0.115876304,0.313783403,0.087694925,-0.90184907,-0.665734798,0.551087284,4.068563891,-0.310547205,0.060410141,-1.658497229,15.1331204,10.03025719,13.05374372,2.89053561,2.24567643,-0.264057669,1.314701998,-1.490252087,-4.624032088
Dec-96,2.790869075,3.032954425,2.399526913,6.59160037,1.971690614,-0.295172995,1.397877596,3.325797024,-0.034910055,0.719006708,5.579005588,-0.669839593,-0.236192323,1.253435643,3.366709203,0.207665767,1.205109894,4.041333435,-0.277511218,-0.343024097,1.253636747,8.762691354,0.386191145,0.851636292,-0.29455873,0.637867902,3.108537148,1.466865697,0.574648821,1.869716993,7.749190642,-0.996227761,-2.323384423,14.61362579,-0.282728721,0.189641383,-0.29542276,0.075620995,-0.30870544,1.285962255,0.433334895,-0.442868238,7.249637227,1.039867654,-0.171018142,-1.70703747,14.70832586,7.730234047,11.30803606,4.829460939,5.448285245,-0.632072689,1.348407364,0.80422955,-7.021965404
Mar-97,3.857293377,3.084636634,3.11823633,9.49328176,4.246682342,-0.167206742,0.803616037,5.672972659,0.508655876,2.672343248,7.201852135,2.497762232,-0.14369567,0.099356836,5.653888842,0.267659143,2.575593321,10.08944297,3.784505134,-0.266601797,0.706591427,14.15639761,5.372003945,1.821643174,0.944358357,3.968190571,7.256413158,4.149393961,2.322138507,3.913327116,10.42742678,-0.684080152,-5.822590807,16.37587393,-0.206199052,-0.065142888,-0.275918602,-0.025408407,-0.369466038,0.875951967,1.221622415,-1.655214444,-0.893937523,-0.738868291,0.388611165,0.068884485,3.171484404,0.118179861,0.830293862,8.315610245,7.728191805,-0.805218227,2.335403827,6.685880246,-11.70250076
Jun-97,1.529768647,-0.765937492,1.270029811,8.882272862,-0.816496651,-0.066091178,2.635764205,5.167632115,5.780308681,1.643751851,4.232220076,-0.329273409,-0.062781181,1.733093847,5.173047446,6.049163316,1.961208749,3.674480071,-0.954713244,-0.193023759,1.894666783,0.592439701,0.716346187,-0.997191145,-1.002710101,-1.206181286,8.379244322,4.497636952,2.50832511,4.074926815,7.919640402,-0.455273567,-6.127580376,18.19399168,-0.10636991,-0.037087423,0.173825241,0.05149126,0.035875888,8.160585623,7.126295763,7.865630495,5.343793243,8.579246318,1.439796579,9.810089835,11.23143601,9.557220322,8.288282102,7.097411406,6.730730938,-0.088651632,2.886782083,3.920316736,-6.575827602
Sep-97,2.183335329,1.259354256,1.648918421,9.072988487,0.586716289,0.022575956,1.012551501,5.685515042,0.475894865,2.023880985,11.04073375,1.93180796,0.007462754,0.292754771,5.501464564,0.542017043,2.611066309,12.32119645,2.07737039,-0.121603228,0.927374623,1.050048115,-0.009862955,-0.908108225,-0.125263069,0.733068778,5.501557256,2.930175323,1.416012056,4.699198628,10.14850444,-0.20880555,-5.87982762,18.72127783,-0.015482613,0.091931024,0.121417682,0.171131939,0.068014012,-1.077701669,-0.344658133,-0.232503723,-5.034087863,0.152596643,0.06777037,-2.129808065,10.4401269,12.89595349,10.31945873,6.91561648,5.652730904,-0.10694831,0.197347856,1.087767627,-2.098862957
Dec-97,1.257896798,3.766664246,1.136130027,8.242103971,-0.634526027,0.086571558,0.695020942,3.047107248,0.596775426,2.24310749,10.28458097,0.25253051,0.067986986,-0.165438186,2.75492803,0.666225215,2.043881972,14.06214558,0.043761839,-0.073532809,0.181845785,-0.913545209,-1.064561361,-1.489429139,0.397112393,-0.886173838,1.084490044,0.653663631,0.509042133,2.812488684,5.371374171,0.095241677,-5.811744156,13.58618192,0.059288004,0.14505888,-0.065641006,-0.051706607,-0.142380415,-0.481036137,-0.29443268,0.121655116,-8.592107061,-2.499817474,-0.187142116,-1.25732473,-3.515850493,-0.19032218,-3.628615649,3.13222451,3.493477023,-0.312555728,0.649971155,5.611596394,-3.608734685
Mar-98,-0.037860349,-1.010727657,0.561612246,5.103749224,-0.283820543,0.163658419,0.407989064,1.191203282,-0.027664127,2.426853959,7.095797556,0.465143147,0.1197377,-0.255279778,0.771805777,-0.947204808,1.256107576,14.87798939,0.794348044,0.009070892,-0.178454862,-6.641921575,-1.492875193,-0.495750744,0.140581783,-0.429117634,0.596931741,-0.158274919,-0.780075821,0.345176899,4.154618605,0.11774607,-4.322461051,3.092963569,0.17977678,0.040385113,0.179073562,0.016648426,0.225321351,-1.245503211,-0.964344606,-0.214200878,-4.381615045,2.560016557,0.744789071,-1.029205204,-1.494592512,-1.90321169,-2.985980036,1.246799052,1.190042737,0.802396705,2.507237935,6.273535204,2.039313752
Jun-98,-0.491828986,-0.549350459,-0.577927879,2.020475025,-0.558211581,0.204878552,0.508853952,-2.166980815,-0.368526383,1.510261618,6.296313162,-0.38384301,0.163618589,0.191592782,-2.733969238,-0.850372439,1.02569726,13.66524071,0.184830926,0.046137232,-0.44929523,-8.133382778,-1.355119862,-0.536642008,0.005118095,-1.52737094,-1.2811144,-2.190583431,-2.665791904,-1.932444209,-3.606494524,0.150044224,4.94703886,-5.374673216,0.271781501,0.060908031,0.1230268,-0.014097842,0.241837039,-1.667220175,-1.599515257,-1.101973974,0.162565314,1.746968463,-1.40442444,-0.477740221,-5.976315347,-2.330045295,-4.530335218,1.208646626,-1.087062405,0.978499729,1.920861526,10.56761368,-4.059218411
Sep-98,-1.95944904,2.138345507,-1.025557118,-2.478997036,-0.771401635,0.201171685,-0.516440086,-3.446163461,-1.717108175,0.562986279,2.907368484,0.174168817,0.075458511,-0.51004366,-4.182136397,-0.513823025,0.06086484,7.155315697,-0.133681737,0.080589895,-1.299346182,-6.248722192,-2.058408105,0.215966398,0.098562445,-0.492533169,-0.594211313,-0.783177746,-0.986137855,-4.013546404,-7.142511275,0.128568892,5.151487204,-10.97667625,0.371987591,0.063600702,0.232572196,0.000749305,0.387743554,-0.410754671,-0.344424102,-0.487817889,6.240414218,-3.842467767,-0.713212605,1.104400438,-6.466998377,-2.548529692,-5.741827984,-0.175769291,-2.498483087,1.02509294,-0.705593815,12.10372572,-5.459919445
Dec-98,-2.731542663,0.89651736,-0.864567762,-8.473668932,-0.989097807,0.096682832,0.064735015,-3.863952548,3.736654425,1.398743085,0.485924912,2.023112808,0.105984062,0.062340764,-4.790970184,0.545234886,-0.085119442,-0.835475774,2.083666703,0.080323731,-0.957350483,-5.181144815,-0.936696443,-1.314901486,-0.060391654,-0.057713594,1.028724207,-0.392383355,-1.232166137,-3.972086668,-12.2121879,0.115276442,5.35578387,-15.0607026,0.452910612,-0.167601877,0.209986351,-0.475106607,0.293466652,-0.710257283,-0.995751305,-0.836146576,10.23494953,13.02157966,-0.652243588,3.267243571,-12.76388884,-9.618125634,-12.30576963,-10.33865372,-7.844620645,1.082424816,-0.826733335,-5.01330211,8.164522391
